frame,condition,path
0,clear,degraded/clear/frame_00000.png
0,smoke,degraded/smoke/frame_00000.png
0,low_light,degraded/low_light/frame_00000.png
0,snow,degraded/snow/frame_00000.png
0,textureless,degraded/textureless/frame_00000.png
1,clear,degraded/clear/frame_00001.png
1,smoke,degraded/smoke/frame_00001.png
1,low_light,degraded/low_light/frame_00001.png
1,snow,degraded/snow/frame_00001.png
1,textureless,degraded/textureless/frame_00001.png
2,clear,degraded/clear/frame_00002.png
2,smoke,degraded/smoke/frame_00002.png
2,low_light,degraded/low_light/frame_00002.png
2,snow,degraded/snow/frame_00002.png
2,textureless,degraded/textureless/frame_00002.png
3,clear,degraded/clear/frame_00003.png
3,smoke,degraded/smoke/frame_00003.png
3,low_light,degraded/low_light/frame_00003.png
3,snow,degraded/snow/frame_00003.png
3,textureless,degraded/textureless/frame_00003.png
4,clear,degraded/clear/frame_00004.png
4,smoke,degraded/smoke/frame_00004.png
4,low_light,degraded/low_light/frame_00004.png
4,snow,degraded/snow/frame_00004.png
4,textureless,degraded/textureless/frame_00004.png
5,clear,degraded/clear/frame_00005.png
5,smoke,degraded/smoke/frame_00005.png
5,low_light,degraded/low_light/frame_00005.png
5,snow,degraded/snow/frame_00005.png
5,textureless,degraded/textureless/frame_00005.png
6,clear,degraded/clear/frame_00006.png
6,smoke,degraded/smoke/frame_00006.png
6,low_light,degraded/low_light/frame_00006.png
6,snow,degraded/snow/frame_00006.png
6,textureless,degraded/textureless/frame_00006.png
7,clear,degraded/clear/frame_00007.png
7,smoke,degraded/smoke/frame_00007.png
7,low_light,degraded/low_light/frame_00007.png
7,snow,degraded/snow/frame_00007.png
7,textureless,degraded/textureless/frame_00007.png
8,clear,degraded/clear/frame_00008.png
8,smoke,degraded/smoke/frame_00008.png
8,low_light,degraded/low_light/frame_00008.png
8,snow,degraded/snow/frame_00008.png
8,textureless,degraded/textureless/frame_00008.png
9,clear,degraded/clear/frame_00009.png
9,smoke,degraded/smoke/frame_00009.png
9,low_light,degraded/low_light/frame_00009.png
9,snow,degraded/snow/frame_00009.png
9,textureless,degraded/textureless/frame_00009.png
10,clear,degraded/clear/frame_00010.png
10,smoke,degraded/smoke/frame_00010.png
10,low_light,degraded/low_light/frame_00010.png
10,snow,degraded/snow/frame_00010.png
10,textureless,degraded/textureless/frame_00010.png
11,clear,degraded/clear/frame_00011.png
11,smoke,degraded/smoke/frame_00011.png
11,low_light,degraded/low_light/frame_00011.png
11,snow,degraded/snow/frame_00011.png
11,textureless,degraded/textureless/frame_00011.png
12,clear,degraded/clear/frame_00012.png
12,smoke,degraded/smoke/frame_00012.png
12,low_light,degraded/low_light/frame_00012.png
12,snow,degraded/snow/frame_00012.png
12,textureless,degraded/textureless/frame_00012.png
13,clear,degraded/clear/frame_00013.png
13,smoke,degraded/smoke/frame_00013.png
13,low_light,degraded/low_light/frame_00013.png
13,snow,degraded/snow/frame_00013.png
13,textureless,degraded/textureless/frame_00013.png
14,clear,degraded/clear/frame_00014.png
14,smoke,degraded/smoke/frame_00014.png
14,low_light,degraded/low_light/frame_00014.png
14,snow,degraded/snow/frame_00014.png
14,textureless,degraded/textureless/frame_00014.png
15,clear,degraded/clear/frame_00015.png
15,smoke,degraded/smoke/frame_00015.png
15,low_light,degraded/low_light/frame_00015.png
15,snow,degraded/snow/frame_00015.png
15,textureless,degraded/textureless/frame_00015.png
16,clear,degraded/clear/frame_00016.png
16,smoke,degraded/smoke/frame_00016.png
16,low_light,degraded/low_light/frame_00016.png
16,snow,degraded/snow/frame_00016.png
16,textureless,degraded/textureless/frame_00016.png
17,clear,degraded/clear/frame_00017.png
17,smoke,degraded/smoke/frame_00017.png
17,low_light,degraded/low_light/frame_00017.png
17,snow,degraded/snow/frame_00017.png
17,textureless,degraded/textureless/frame_00017.png
18,clear,degraded/clear/frame_00018.png
18,smoke,degraded/smoke/frame_00018.png
18,low_light,degraded/low_light/frame_00018.png
18,snow,degraded/snow/frame_00018.png
18,textureless,degraded/textureless/frame_00018.png
19,clear,degraded/clear/frame_00019.png
19,smoke,degraded/smoke/frame_00019.png
19,low_light,degraded/low_light/frame_00019.png
19,snow,degraded/snow/frame_00019.png
19,textureless,degraded/textureless/frame_00019.png
20,clear,degraded/clear/frame_00020.png
20,smoke,degraded/smoke/frame_00020.png
20,low_light,degraded/low_light/frame_00020.png
20,snow,degraded/snow/frame_00020.png
20,textureless,degraded/textureless/frame_00020.png
21,clear,degraded/clear/frame_00021.png
21,smoke,degraded/smoke/frame_00021.png
21,low_light,degraded/low_light/frame_00021.png
21,snow,degraded/snow/frame_00021.png
21,textureless,degraded/textureless/frame_00021.png
22,clear,degraded/clear/frame_00022.png
22,smoke,degraded/smoke/frame_00022.png
22,low_light,degraded/low_light/frame_00022.png
22,snow,degraded/snow/frame_00022.png
22,textureless,degraded/textureless/frame_00022.png
23,clear,degraded/clear/frame_00023.png
23,smoke,degraded/smoke/frame_00023.png
23,low_light,degraded/low_light/frame_00023.png
23,snow,degraded/snow/frame_00023.png
23,textureless,degraded/textureless/frame_00023.png
24,clear,degraded/clear/frame_00024.png
24,smoke,degraded/smoke/frame_00024.png
24,low_light,degraded/low_light/frame_00024.png
24,snow,degraded/snow/frame_00024.png
24,textureless,degraded/textureless/frame_00024.png
25,clear,degraded/clear/frame_00025.png
25,smoke,degraded/smoke/frame_00025.png
25,low_light,degraded/low_light/frame_00025.png
25,snow,degraded/snow/frame_00025.png
25,textureless,degraded/textureless/frame_00025.png
26,clear,degraded/clear/frame_00026.png
26,smoke,degraded/smoke/frame_00026.png
26,low_light,degraded/low_light/frame_00026.png
26,snow,degraded/snow/frame_00026.png
26,textureless,degraded/textureless/frame_00026.png
27,clear,degraded/clear/frame_00027.png
27,smoke,degraded/smoke/frame_00027.png
27,low_light,degraded/low_light/frame_00027.png
27,snow,degraded/snow/frame_00027.png
27,textureless,degraded/textureless/frame_00027.png
28,clear,degraded/clear/frame_00028.png
28,smoke,degraded/smoke/frame_00028.png
28,low_light,degraded/low_light/frame_00028.png
28,snow,degraded/snow/frame_00028.png
28,textureless,degraded/textureless/frame_00028.png
29,clear,degraded/clear/frame_00029.png
29,smoke,degraded/smoke/frame_00029.png
29,low_light,degraded/low_light/frame_00029.png
29,snow,degraded/snow/frame_00029.png
29,textureless,degraded/textureless/frame_00029.png
30,clear,degraded/clear/frame_00030.png
30,smoke,degraded/smoke/frame_00030.png
30,low_light,degraded/low_light/frame_00030.png
30,snow,degraded/snow/frame_00030.png
30,textureless,degraded/textureless/frame_00030.png
31,clear,degraded/clear/frame_00031.png
31,smoke,degraded/smoke/frame_00031.png
31,low_light,degraded/low_light/frame_00031.png
31,snow,degraded/snow/frame_00031.png
31,textureless,degraded/textureless/frame_00031.png
32,clear,degraded/clear/frame_00032.png
32,smoke,degraded/smoke/frame_00032.png
32,low_light,degraded/low_light/frame_00032.png
32,snow,degraded/snow/frame_00032.png
32,textureless,degraded/textureless/frame_00032.png
33,clear,degraded/clear/frame_00033.png
33,smoke,degraded/smoke/frame_00033.png
33,low_light,degraded/low_light/frame_00033.png
33,snow,degraded/snow/frame_00033.png
33,textureless,degraded/textureless/frame_00033.png
34,clear,degraded/clear/frame_00034.png
34,smoke,degraded/smoke/frame_00034.png
34,low_light,degraded/low_light/frame_00034.png
34,snow,degraded/snow/frame_00034.png
34,textureless,degraded/textureless/frame_00034.png
35,clear,degraded/clear/frame_00035.png
35,smoke,degraded/smoke/frame_00035.png
35,low_light,degraded/low_light/frame_00035.png
35,snow,degraded/snow/frame_00035.png
35,textureless,degraded/textureless/frame_00035.png
36,clear,degraded/clear/frame_00036.png
36,smoke,degraded/smoke/frame_00036.png
36,low_light,degraded/low_light/frame_00036.png
36,snow,degraded/snow/frame_00036.png
36,textureless,degraded/textureless/frame_00036.png
37,clear,degraded/clear/frame_00037.png
37,smoke,degraded/smoke/frame_00037.png
37,low_light,degraded/low_light/frame_00037.png
37,snow,degraded/snow/frame_00037.png
37,textureless,degraded/textureless/frame_00037.png
38,clear,degraded/clear/frame_00038.png
38,smoke,degraded/smoke/frame_00038.png
38,low_light,degraded/low_light/frame_00038.png
38,snow,degraded/snow/frame_00038.png
38,textureless,degraded/textureless/frame_00038.png
39,clear,degraded/clear/frame_00039.png
39,smoke,degraded/smoke/frame_00039.png
39,low_light,degraded/low_light/frame_00039.png
39,snow,degraded/snow/frame_00039.png
39,textureless,degraded/textureless/frame_00039.png
40,clear,degraded/clear/frame_00040.png
40,smoke,degraded/smoke/frame_00040.png
40,low_light,degraded/low_light/frame_00040.png
40,snow,degraded/snow/frame_00040.png
40,textureless,degraded/textureless/frame_00040.png
41,clear,degraded/clear/frame_00041.png
41,smoke,degraded/smoke/frame_00041.png
41,low_light,degraded/low_light/frame_00041.png
41,snow,degraded/snow/frame_00041.png
41,textureless,degraded/textureless/frame_00041.png
42,clear,degraded/clear/frame_00042.png
42,smoke,degraded/smoke/frame_00042.png
42,low_light,degraded/low_light/frame_00042.png
42,snow,degraded/snow/frame_00042.png
42,textureless,degraded/textureless/frame_00042.png
43,clear,degraded/clear/frame_00043.png
43,smoke,degraded/smoke/frame_00043.png
43,low_light,degraded/low_light/frame_00043.png
43,snow,degraded/snow/frame_00043.png
43,textureless,degraded/textureless/frame_00043.png
44,clear,degraded/clear/frame_00044.png
44,smoke,degraded/smoke/frame_00044.png
44,low_light,degraded/low_light/frame_00044.png
44,snow,degraded/snow/frame_00044.png
44,textureless,degraded/textureless/frame_00044.png
45,clear,degraded/clear/frame_00045.png
45,smoke,degraded/smoke/frame_00045.png
45,low_light,degraded/low_light/frame_00045.png
45,snow,degraded/snow/frame_00045.png
45,textureless,degraded/textureless/frame_00045.png
46,clear,degraded/clear/frame_00046.png
46,smoke,degraded/smoke/frame_00046.png
46,low_light,degraded/low_light/frame_00046.png
46,snow,degraded/snow/frame_00046.png
46,textureless,degraded/textureless/frame_00046.png
47,clear,degraded/clear/frame_00047.png
47,smoke,degraded/smoke/frame_00047.png
47,low_light,degraded/low_light/frame_00047.png
47,snow,degraded/snow/frame_00047.png
47,textureless,degraded/textureless/frame_00047.png
48,clear,degraded/clear/frame_00048.png
48,smoke,degraded/smoke/frame_00048.png
48,low_light,degraded/low_light/frame_00048.png
48,snow,degraded/snow/frame_00048.png
48,textureless,degraded/textureless/frame_00048.png
49,clear,degraded/clear/frame_00049.png
49,smoke,degraded/smoke/frame_00049.png
49,low_light,degraded/low_light/frame_00049.png
49,snow,degraded/snow/frame_00049.png
49,textureless,degraded/textureless/frame_00049.png
50,clear,degraded/clear/frame_00050.png
50,smoke,degraded/smoke/frame_00050.png
50,low_light,degraded/low_light/frame_00050.png
50,snow,degraded/snow/frame_00050.png
50,textureless,degraded/textureless/frame_00050.png
51,clear,degraded/clear/frame_00051.png
51,smoke,degraded/smoke/frame_00051.png
51,low_light,degraded/low_light/frame_00051.png
51,snow,degraded/snow/frame_00051.png
51,textureless,degraded/textureless/frame_00051.png
52,clear,degraded/clear/frame_00052.png
52,smoke,degraded/smoke/frame_00052.png
52,low_light,degraded/low_light/frame_00052.png
52,snow,degraded/snow/frame_00052.png
52,textureless,degraded/textureless/frame_00052.png
53,clear,degraded/clear/frame_00053.png
53,smoke,degraded/smoke/frame_00053.png
53,low_light,degraded/low_light/frame_00053.png
53,snow,degraded/snow/frame_00053.png
53,textureless,degraded/textureless/frame_00053.png
54,clear,degraded/clear/frame_00054.png
54,smoke,degraded/smoke/frame_00054.png
54,low_light,degraded/low_light/frame_00054.png
54,snow,degraded/snow/frame_00054.png
54,textureless,degraded/textureless/frame_00054.png
55,clear,degraded/clear/frame_00055.png
55,smoke,degraded/smoke/frame_00055.png
55,low_light,degraded/low_light/frame_00055.png
55,snow,degraded/snow/frame_00055.png
55,textureless,degraded/textureless/frame_00055.png
56,clear,degraded/clear/frame_00056.png
56,smoke,degraded/smoke/frame_00056.png
56,low_light,degraded/low_light/frame_00056.png
56,snow,degraded/snow/frame_00056.png
56,textureless,degraded/textureless/frame_00056.png
57,clear,degraded/clear/frame_00057.png
57,smoke,degraded/smoke/frame_00057.png
57,low_light,degraded/low_light/frame_00057.png
57,snow,degraded/snow/frame_00057.png
57,textureless,degraded/textureless/frame_00057.png
58,clear,degraded/clear/frame_00058.png
58,smoke,degraded/smoke/frame_00058.png
58,low_light,degraded/low_light/frame_00058.png
58,snow,degraded/snow/frame_00058.png
58,textureless,degraded/textureless/frame_00058.png
59,clear,degraded/clear/frame_00059.png
59,smoke,degraded/smoke/frame_00059.png
59,low_light,degraded/low_light/frame_00059.png
59,snow,degraded/snow/frame_00059.png
59,textureless,degraded/textureless/frame_00059.png
60,clear,degraded/clear/frame_00060.png
60,smoke,degraded/smoke/frame_00060.png
60,low_light,degraded/low_light/frame_00060.png
60,snow,degraded/snow/frame_00060.png
60,textureless,degraded/textureless/frame_00060.png
61,clear,degraded/clear/frame_00061.png
61,smoke,degraded/smoke/frame_00061.png
61,low_light,degraded/low_light/frame_00061.png
61,snow,degraded/snow/frame_00061.png
61,textureless,degraded/textureless/frame_00061.png
62,clear,degraded/clear/frame_00062.png
62,smoke,degraded/smoke/frame_00062.png
62,low_light,degraded/low_light/frame_00062.png
62,snow,degraded/snow/frame_00062.png
62,textureless,degraded/textureless/frame_00062.png
63,clear,degraded/clear/frame_00063.png
63,smoke,degraded/smoke/frame_00063.png
63,low_light,degraded/low_light/frame_00063.png
63,snow,degraded/snow/frame_00063.png
63,textureless,degraded/textureless/frame_00063.png
64,clear,degraded/clear/frame_00064.png
64,smoke,degraded/smoke/frame_00064.png
64,low_light,degraded/low_light/frame_00064.png
64,snow,degraded/snow/frame_00064.png
64,textureless,degraded/textureless/frame_00064.png
65,clear,degraded/clear/frame_00065.png
65,smoke,degraded/smoke/frame_00065.png
65,low_light,degraded/low_light/frame_00065.png
65,snow,degraded/snow/frame_00065.png
65,textureless,degraded/textureless/frame_00065.png
66,clear,degraded/clear/frame_00066.png
66,smoke,degraded/smoke/frame_00066.png
66,low_light,degraded/low_light/frame_00066.png
66,snow,degraded/snow/frame_00066.png
66,textureless,degraded/textureless/frame_00066.png
67,clear,degraded/clear/frame_00067.png
67,smoke,degraded/smoke/frame_00067.png
67,low_light,degraded/low_light/frame_00067.png
67,snow,degraded/snow/frame_00067.png
67,textureless,degraded/textureless/frame_00067.png
68,clear,degraded/clear/frame_00068.png
68,smoke,degraded/smoke/frame_00068.png
68,low_light,degraded/low_light/frame_00068.png
68,snow,degraded/snow/frame_00068.png
68,textureless,degraded/textureless/frame_00068.png
69,clear,degraded/clear/frame_00069.png
69,smoke,degraded/smoke/frame_00069.png
69,low_light,degraded/low_light/frame_00069.png
69,snow,degraded/snow/frame_00069.png
69,textureless,degraded/textureless/frame_00069.png
70,clear,degraded/clear/frame_00070.png
70,smoke,degraded/smoke/frame_00070.png
70,low_light,degraded/low_light/frame_00070.png
70,snow,degraded/snow/frame_00070.png
70,textureless,degraded/textureless/frame_00070.png
71,clear,degraded/clear/frame_00071.png
71,smoke,degraded/smoke/frame_00071.png
71,low_light,degraded/low_light/frame_00071.png
71,snow,degraded/snow/frame_00071.png
71,textureless,degraded/textureless/frame_00071.png
72,clear,degraded/clear/frame_00072.png
72,smoke,degraded/smoke/frame_00072.png
72,low_light,degraded/low_light/frame_00072.png
72,snow,degraded/snow/frame_00072.png
72,textureless,degraded/textureless/frame_00072.png
73,clear,degraded/clear/frame_00073.png
73,smoke,degraded/smoke/frame_00073.png
73,low_light,degraded/low_light/frame_00073.png
73,snow,degraded/snow/frame_00073.png
73,textureless,degraded/textureless/frame_00073.png
74,clear,degraded/clear/frame_00074.png
74,smoke,degraded/smoke/frame_00074.png
74,low_light,degraded/low_light/frame_00074.png
74,snow,degraded/snow/frame_00074.png
74,textureless,degraded/textureless/frame_00074.png
75,clear,degraded/clear/frame_00075.png
75,smoke,degraded/smoke/frame_00075.png
75,low_light,degraded/low_light/frame_00075.png
75,snow,degraded/snow/frame_00075.png
75,textureless,degraded/textureless/frame_00075.png
76,clear,degraded/clear/frame_00076.png
76,smoke,degraded/smoke/frame_00076.png
76,low_light,degraded/low_light/frame_00076.png
76,snow,degraded/snow/frame_00076.png
76,textureless,degraded/textureless/frame_00076.png
77,clear,degraded/clear/frame_00077.png
77,smoke,degraded/smoke/frame_00077.png
77,low_light,degraded/low_light/frame_00077.png
77,snow,degraded/snow/frame_00077.png
77,textureless,degraded/textureless/frame_00077.png
78,clear,degraded/clear/frame_00078.png
78,smoke,degraded/smoke/frame_00078.png
78,low_light,degraded/low_light/frame_00078.png
78,snow,degraded/snow/frame_00078.png
78,textureless,degraded/textureless/frame_00078.png
79,clear,degraded/clear/frame_00079.png
79,smoke,degraded/smoke/frame_00079.png
79,low_light,degraded/low_light/frame_00079.png
79,snow,degraded/snow/frame_00079.png
79,textureless,degraded/textureless/frame_00079.png
80,clear,degraded/clear/frame_00080.png
80,smoke,degraded/smoke/frame_00080.png
80,low_light,degraded/low_light/frame_00080.png
80,snow,degraded/snow/frame_00080.png
80,textureless,degraded/textureless/frame_00080.png
81,clear,degraded/clear/frame_00081.png
81,smoke,degraded/smoke/frame_00081.png
81,low_light,degraded/low_light/frame_00081.png
81,snow,degraded/snow/frame_00081.png
81,textureless,degraded/textureless/frame_00081.png
82,clear,degraded/clear/frame_00082.png
82,smoke,degraded/smoke/frame_00082.png
82,low_light,degraded/low_light/frame_00082.png
82,snow,degraded/snow/frame_00082.png
82,textureless,degraded/textureless/frame_00082.png
83,clear,degraded/clear/frame_00083.png
83,smoke,degraded/smoke/frame_00083.png
83,low_light,degraded/low_light/frame_00083.png
83,snow,degraded/snow/frame_00083.png
83,textureless,degraded/textureless/frame_00083.png
84,clear,degraded/clear/frame_00084.png
84,smoke,degraded/smoke/frame_00084.png
84,low_light,degraded/low_light/frame_00084.png
84,snow,degraded/snow/frame_00084.png
84,textureless,degraded/textureless/frame_00084.png
85,clear,degraded/clear/frame_00085.png
85,smoke,degraded/smoke/frame_00085.png
85,low_light,degraded/low_light/frame_00085.png
85,snow,degraded/snow/frame_00085.png
85,textureless,degraded/textureless/frame_00085.png
86,clear,degraded/clear/frame_00086.png
86,smoke,degraded/smoke/frame_00086.png
86,low_light,degraded/low_light/frame_00086.png
86,snow,degraded/snow/frame_00086.png
86,textureless,degraded/textureless/frame_00086.png
87,clear,degraded/clear/frame_00087.png
87,smoke,degraded/smoke/frame_00087.png
87,low_light,degraded/low_light/frame_00087.png
87,snow,degraded/snow/frame_00087.png
87,textureless,degraded/textureless/frame_00087.png
88,clear,degraded/clear/frame_00088.png
88,smoke,degraded/smoke/frame_00088.png
88,low_light,degraded/low_light/frame_00088.png
88,snow,degraded/snow/frame_00088.png
88,textureless,degraded/textureless/frame_00088.png
89,clear,degraded/clear/frame_00089.png
89,smoke,degraded/smoke/frame_00089.png
89,low_light,degraded/low_light/frame_00089.png
89,snow,degraded/snow/frame_00089.png
89,textureless,degraded/textureless/frame_00089.png
90,clear,degraded/clear/frame_00090.png
90,smoke,degraded/smoke/frame_00090.png
90,low_light,degraded/low_light/frame_00090.png
90,snow,degraded/snow/frame_00090.png
90,textureless,degraded/textureless/frame_00090.png
91,clear,degraded/clear/frame_00091.png
91,smoke,degraded/smoke/frame_00091.png
91,low_light,degraded/low_light/frame_00091.png
91,snow,degraded/snow/frame_00091.png
91,textureless,degraded/textureless/frame_00091.png
92,clear,degraded/clear/frame_00092.png
92,smoke,degraded/smoke/frame_00092.png
92,low_light,degraded/low_light/frame_00092.png
92,snow,degraded/snow/frame_00092.png
92,textureless,degraded/textureless/frame_00092.png
93,clear,degraded/clear/frame_00093.png
93,smoke,degraded/smoke/frame_00093.png
93,low_light,degraded/low_light/frame_00093.png
93,snow,degraded/snow/frame_00093.png
93,textureless,degraded/textureless/frame_00093.png
94,clear,degraded/clear/frame_00094.png
94,smoke,degraded/smoke/frame_00094.png
94,low_light,degraded/low_light/frame_00094.png
94,snow,degraded/snow/frame_00094.png
94,textureless,degraded/textureless/frame_00094.png
95,clear,degraded/clear/frame_00095.png
95,smoke,degraded/smoke/frame_00095.png
95,low_light,degraded/low_light/frame_00095.png
95,snow,degraded/snow/frame_00095.png
95,textureless,degraded/textureless/frame_00095.png
96,clear,degraded/clear/frame_00096.png
96,smoke,degraded/smoke/frame_00096.png
96,low_light,degraded/low_light/frame_00096.png
96,snow,degraded/snow/frame_00096.png
96,textureless,degraded/textureless/frame_00096.png
97,clear,degraded/clear/frame_00097.png
97,smoke,degraded/smoke/frame_00097.png
97,low_light,degraded/low_light/frame_00097.png
97,snow,degraded/snow/frame_00097.png
97,textureless,degraded/textureless/frame_00097.png
98,clear,degraded/clear/frame_00098.png
98,smoke,degraded/smoke/frame_00098.png
98,low_light,degraded/low_light/frame_00098.png
98,snow,degraded/snow/frame_00098.png
98,textureless,degraded/textureless/frame_00098.png
99,clear,degraded/clear/frame_00099.png
99,smoke,degraded/smoke/frame_00099.png
99,low_light,degraded/low_light/frame_00099.png
99,snow,degraded/snow/frame_00099.png
99,textureless,degraded/textureless/frame_00099.png
100,clear,degraded/clear/frame_00100.png
100,smoke,degraded/smoke/frame_00100.png
100,low_light,degraded/low_light/frame_00100.png
100,snow,degraded/snow/frame_00100.png
100,textureless,degraded/textureless/frame_00100.png
101,clear,degraded/clear/frame_00101.png
101,smoke,degraded/smoke/frame_00101.png
101,low_light,degraded/low_light/frame_00101.png
101,snow,degraded/snow/frame_00101.png
101,textureless,degraded/textureless/frame_00101.png
102,clear,degraded/clear/frame_00102.png
102,smoke,degraded/smoke/frame_00102.png
102,low_light,degraded/low_light/frame_00102.png
102,snow,degraded/snow/frame_00102.png
102,textureless,degraded/textureless/frame_00102.png
103,clear,degraded/clear/frame_00103.png
103,smoke,degraded/smoke/frame_00103.png
103,low_light,degraded/low_light/frame_00103.png
103,snow,degraded/snow/frame_00103.png
103,textureless,degraded/textureless/frame_00103.png
104,clear,degraded/clear/frame_00104.png
104,smoke,degraded/smoke/frame_00104.png
104,low_light,degraded/low_light/frame_00104.png
104,snow,degraded/snow/frame_00104.png
104,textureless,degraded/textureless/frame_00104.png
105,clear,degraded/clear/frame_00105.png
105,smoke,degraded/smoke/frame_00105.png
105,low_light,degraded/low_light/frame_00105.png
105,snow,degraded/snow/frame_00105.png
105,textureless,degraded/textureless/frame_00105.png
106,clear,degraded/clear/frame_00106.png
106,smoke,degraded/smoke/frame_00106.png
106,low_light,degraded/low_light/frame_00106.png
106,snow,degraded/snow/frame_00106.png
106,textureless,degraded/textureless/frame_00106.png
107,clear,degraded/clear/frame_00107.png
107,smoke,degraded/smoke/frame_00107.png
107,low_light,degraded/low_light/frame_00107.png
107,snow,degraded/snow/frame_00107.png
107,textureless,degraded/textureless/frame_00107.png
108,clear,degraded/clear/frame_00108.png
108,smoke,degraded/smoke/frame_00108.png
108,low_light,degraded/low_light/frame_00108.png
108,snow,degraded/snow/frame_00108.png
108,textureless,degraded/textureless/frame_00108.png
109,clear,degraded/clear/frame_00109.png
109,smoke,degraded/smoke/frame_00109.png
109,low_light,degraded/low_light/frame_00109.png
109,snow,degraded/snow/frame_00109.png
109,textureless,degraded/textureless/frame_00109.png
110,clear,degraded/clear/frame_00110.png
110,smoke,degraded/smoke/frame_00110.png
110,low_light,degraded/low_light/frame_00110.png
110,snow,degraded/snow/frame_00110.png
110,textureless,degraded/textureless/frame_00110.png
111,clear,degraded/clear/frame_00111.png
111,smoke,degraded/smoke/frame_00111.png
111,low_light,degraded/low_light/frame_00111.png
111,snow,degraded/snow/frame_00111.png
111,textureless,degraded/textureless/frame_00111.png
112,clear,degraded/clear/frame_00112.png
112,smoke,degraded/smoke/frame_00112.png
112,low_light,degraded/low_light/frame_00112.png
112,snow,degraded/snow/frame_00112.png
112,textureless,degraded/textureless/frame_00112.png
113,clear,degraded/clear/frame_00113.png
113,smoke,degraded/smoke/frame_00113.png
113,low_light,degraded/low_light/frame_00113.png
113,snow,degraded/snow/frame_00113.png
113,textureless,degraded/textureless/frame_00113.png
114,clear,degraded/clear/frame_00114.png
114,smoke,degraded/smoke/frame_00114.png
114,low_light,degraded/low_light/frame_00114.png
114,snow,degraded/snow/frame_00114.png
114,textureless,degraded/textureless/frame_00114.png
115,clear,degraded/clear/frame_00115.png
115,smoke,degraded/smoke/frame_00115.png
115,low_light,degraded/low_light/frame_00115.png
115,snow,degraded/snow/frame_00115.png
115,textureless,degraded/textureless/frame_00115.png
116,clear,degraded/clear/frame_00116.png
116,smoke,degraded/smoke/frame_00116.png
116,low_light,degraded/low_light/frame_00116.png
116,snow,degraded/snow/frame_00116.png
116,textureless,degraded/textureless/frame_00116.png
117,clear,degraded/clear/frame_00117.png
117,smoke,degraded/smoke/frame_00117.png
117,low_light,degraded/low_light/frame_00117.png
117,snow,degraded/snow/frame_00117.png
117,textureless,degraded/textureless/frame_00117.png
118,clear,degraded/clear/frame_00118.png
118,smoke,degraded/smoke/frame_00118.png
118,low_light,degraded/low_light/frame_00118.png
118,snow,degraded/snow/frame_00118.png
118,textureless,degraded/textureless/frame_00118.png
119,clear,degraded/clear/frame_00119.png
119,smoke,degraded/smoke/frame_00119.png
119,low_light,degraded/low_light/frame_00119.png
119,snow,degraded/snow/frame_00119.png
119,textureless,degraded/textureless/frame_00119.png
120,clear,degraded/clear/frame_00120.png
120,smoke,degraded/smoke/frame_00120.png
120,low_light,degraded/low_light/frame_00120.png
120,snow,degraded/snow/frame_00120.png
120,textureless,degraded/textureless/frame_00120.png
121,clear,degraded/clear/frame_00121.png
121,smoke,degraded/smoke/frame_00121.png
121,low_light,degraded/low_light/frame_00121.png
121,snow,degraded/snow/frame_00121.png
121,textureless,degraded/textureless/frame_00121.png
122,clear,degraded/clear/frame_00122.png
122,smoke,degraded/smoke/frame_00122.png
122,low_light,degraded/low_light/frame_00122.png
122,snow,degraded/snow/frame_00122.png
122,textureless,degraded/textureless/frame_00122.png
123,clear,degraded/clear/frame_00123.png
123,smoke,degraded/smoke/frame_00123.png
123,low_light,degraded/low_light/frame_00123.png
123,snow,degraded/snow/frame_00123.png
123,textureless,degraded/textureless/frame_00123.png
124,clear,degraded/clear/frame_00124.png
124,smoke,degraded/smoke/frame_00124.png
124,low_light,degraded/low_light/frame_00124.png
124,snow,degraded/snow/frame_00124.png
124,textureless,degraded/textureless/frame_00124.png
125,clear,degraded/clear/frame_00125.png
125,smoke,degraded/smoke/frame_00125.png
125,low_light,degraded/low_light/frame_00125.png
125,snow,degraded/snow/frame_00125.png
125,textureless,degraded/textureless/frame_00125.png
126,clear,degraded/clear/frame_00126.png
126,smoke,degraded/smoke/frame_00126.png
126,low_light,degraded/low_light/frame_00126.png
126,snow,degraded/snow/frame_00126.png
126,textureless,degraded/textureless/frame_00126.png
127,clear,degraded/clear/frame_00127.png
127,smoke,degraded/smoke/frame_00127.png
127,low_light,degraded/low_light/frame_00127.png
127,snow,degraded/snow/frame_00127.png
127,textureless,degraded/textureless/frame_00127.png
128,clear,degraded/clear/frame_00128.png
128,smoke,degraded/smoke/frame_00128.png
128,low_light,degraded/low_light/frame_00128.png
128,snow,degraded/snow/frame_00128.png
128,textureless,degraded/textureless/frame_00128.png
129,clear,degraded/clear/frame_00129.png
129,smoke,degraded/smoke/frame_00129.png
129,low_light,degraded/low_light/frame_00129.png
129,snow,degraded/snow/frame_00129.png
129,textureless,degraded/textureless/frame_00129.png
130,clear,degraded/clear/frame_00130.png
130,smoke,degraded/smoke/frame_00130.png
130,low_light,degraded/low_light/frame_00130.png
130,snow,degraded/snow/frame_00130.png
130,textureless,degraded/textureless/frame_00130.png
131,clear,degraded/clear/frame_00131.png
131,smoke,degraded/smoke/frame_00131.png
131,low_light,degraded/low_light/frame_00131.png
131,snow,degraded/snow/frame_00131.png
131,textureless,degraded/textureless/frame_00131.png
132,clear,degraded/clear/frame_00132.png
132,smoke,degraded/smoke/frame_00132.png
132,low_light,degraded/low_light/frame_00132.png
132,snow,degraded/snow/frame_00132.png
132,textureless,degraded/textureless/frame_00132.png
133,clear,degraded/clear/frame_00133.png
133,smoke,degraded/smoke/frame_00133.png
133,low_light,degraded/low_light/frame_00133.png
133,snow,degraded/snow/frame_00133.png
133,textureless,degraded/textureless/frame_00133.png
134,clear,degraded/clear/frame_00134.png
134,smoke,degraded/smoke/frame_00134.png
134,low_light,degraded/low_light/frame_00134.png
134,snow,degraded/snow/frame_00134.png
134,textureless,degraded/textureless/frame_00134.png
135,clear,degraded/clear/frame_00135.png
135,smoke,degraded/smoke/frame_00135.png
135,low_light,degraded/low_light/frame_00135.png
135,snow,degraded/snow/frame_00135.png
135,textureless,degraded/textureless/frame_00135.png
136,clear,degraded/clear/frame_00136.png
136,smoke,degraded/smoke/frame_00136.png
136,low_light,degraded/low_light/frame_00136.png
136,snow,degraded/snow/frame_00136.png
136,textureless,degraded/textureless/frame_00136.png
137,clear,degraded/clear/frame_00137.png
137,smoke,degraded/smoke/frame_00137.png
137,low_light,degraded/low_light/frame_00137.png
137,snow,degraded/snow/frame_00137.png
137,textureless,degraded/textureless/frame_00137.png
138,clear,degraded/clear/frame_00138.png
138,smoke,degraded/smoke/frame_00138.png
138,low_light,degraded/low_light/frame_00138.png
138,snow,degraded/snow/frame_00138.png
138,textureless,degraded/textureless/frame_00138.png
139,clear,degraded/clear/frame_00139.png
139,smoke,degraded/smoke/frame_00139.png
139,low_light,degraded/low_light/frame_00139.png
139,snow,degraded/snow/frame_00139.png
139,textureless,degraded/textureless/frame_00139.png
140,clear,degraded/clear/frame_00140.png
140,smoke,degraded/smoke/frame_00140.png
140,low_light,degraded/low_light/frame_00140.png
140,snow,degraded/snow/frame_00140.png
140,textureless,degraded/textureless/frame_00140.png
141,clear,degraded/clear/frame_00141.png
141,smoke,degraded/smoke/frame_00141.png
141,low_light,degraded/low_light/frame_00141.png
141,snow,degraded/snow/frame_00141.png
141,textureless,degraded/textureless/frame_00141.png
142,clear,degraded/clear/frame_00142.png
142,smoke,degraded/smoke/frame_00142.png
142,low_light,degraded/low_light/frame_00142.png
142,snow,degraded/snow/frame_00142.png
142,textureless,degraded/textureless/frame_00142.png
143,clear,degraded/clear/frame_00143.png
143,smoke,degraded/smoke/frame_00143.png
143,low_light,degraded/low_light/frame_00143.png
143,snow,degraded/snow/frame_00143.png
143,textureless,degraded/textureless/frame_00143.png
144,clear,degraded/clear/frame_00144.png
144,smoke,degraded/smoke/frame_00144.png
144,low_light,degraded/low_light/frame_00144.png
144,snow,degraded/snow/frame_00144.png
144,textureless,degraded/textureless/frame_00144.png
145,clear,degraded/clear/frame_00145.png
145,smoke,degraded/smoke/frame_00145.png
145,low_light,degraded/low_light/frame_00145.png
145,snow,degraded/snow/frame_00145.png
145,textureless,degraded/textureless/frame_00145.png
146,clear,degraded/clear/frame_00146.png
146,smoke,degraded/smoke/frame_00146.png
146,low_light,degraded/low_light/frame_00146.png
146,snow,degraded/snow/frame_00146.png
146,textureless,degraded/textureless/frame_00146.png
147,clear,degraded/clear/frame_00147.png
147,smoke,degraded/smoke/frame_00147.png
147,low_light,degraded/low_light/frame_00147.png
147,snow,degraded/snow/frame_00147.png
147,textureless,degraded/textureless/frame_00147.png
148,clear,degraded/clear/frame_00148.png
148,smoke,degraded/smoke/frame_00148.png
148,low_light,degraded/low_light/frame_00148.png
148,snow,degraded/snow/frame_00148.png
148,textureless,degraded/textureless/frame_00148.png
149,clear,degraded/clear/frame_00149.png
149,smoke,degraded/smoke/frame_00149.png
149,low_light,degraded/low_light/frame_00149.png
149,snow,degraded/snow/frame_00149.png
149,textureless,degraded/textureless/frame_00149.png
150,clear,degraded/clear/frame_00150.png
150,smoke,degraded/smoke/frame_00150.png
150,low_light,degraded/low_light/frame_00150.png
150,snow,degraded/snow/frame_00150.png
150,textureless,degraded/textureless/frame_00150.png
151,clear,degraded/clear/frame_00151.png
151,smoke,degraded/smoke/frame_00151.png
151,low_light,degraded/low_light/frame_00151.png
151,snow,degraded/snow/frame_00151.png
151,textureless,degraded/textureless/frame_00151.png
152,clear,degraded/clear/frame_00152.png
152,smoke,degraded/smoke/frame_00152.png
152,low_light,degraded/low_light/frame_00152.png
152,snow,degraded/snow/frame_00152.png
152,textureless,degraded/textureless/frame_00152.png
153,clear,degraded/clear/frame_00153.png
153,smoke,degraded/smoke/frame_00153.png
153,low_light,degraded/low_light/frame_00153.png
153,snow,degraded/snow/frame_00153.png
153,textureless,degraded/textureless/frame_00153.png
154,clear,degraded/clear/frame_00154.png
154,smoke,degraded/smoke/frame_00154.png
154,low_light,degraded/low_light/frame_00154.png
154,snow,degraded/snow/frame_00154.png
154,textureless,degraded/textureless/frame_00154.png
155,clear,degraded/clear/frame_00155.png
155,smoke,degraded/smoke/frame_00155.png
155,low_light,degraded/low_light/frame_00155.png
155,snow,degraded/snow/frame_00155.png
155,textureless,degraded/textureless/frame_00155.png
156,clear,degraded/clear/frame_00156.png
156,smoke,degraded/smoke/frame_00156.png
156,low_light,degraded/low_light/frame_00156.png
156,snow,degraded/snow/frame_00156.png
156,textureless,degraded/textureless/frame_00156.png
157,clear,degraded/clear/frame_00157.png
157,smoke,degraded/smoke/frame_00157.png
157,low_light,degraded/low_light/frame_00157.png
157,snow,degraded/snow/frame_00157.png
157,textureless,degraded/textureless/frame_00157.png
158,clear,degraded/clear/frame_00158.png
158,smoke,degraded/smoke/frame_00158.png
158,low_light,degraded/low_light/frame_00158.png
158,snow,degraded/snow/frame_00158.png
158,textureless,degraded/textureless/frame_00158.png
159,clear,degraded/clear/frame_00159.png
159,smoke,degraded/smoke/frame_00159.png
159,low_light,degraded/low_light/frame_00159.png
159,snow,degraded/snow/frame_00159.png
159,textureless,degraded/textureless/frame_00159.png
160,clear,degraded/clear/frame_00160.png
160,smoke,degraded/smoke/frame_00160.png
160,low_light,degraded/low_light/frame_00160.png
160,snow,degraded/snow/frame_00160.png
160,textureless,degraded/textureless/frame_00160.png
161,clear,degraded/clear/frame_00161.png
161,smoke,degraded/smoke/frame_00161.png
161,low_light,degraded/low_light/frame_00161.png
161,snow,degraded/snow/frame_00161.png
161,textureless,degraded/textureless/frame_00161.png
162,clear,degraded/clear/frame_00162.png
162,smoke,degraded/smoke/frame_00162.png
162,low_light,degraded/low_light/frame_00162.png
162,snow,degraded/snow/frame_00162.png
162,textureless,degraded/textureless/frame_00162.png
163,clear,degraded/clear/frame_00163.png
163,smoke,degraded/smoke/frame_00163.png
163,low_light,degraded/low_light/frame_00163.png
163,snow,degraded/snow/frame_00163.png
163,textureless,degraded/textureless/frame_00163.png
164,clear,degraded/clear/frame_00164.png
164,smoke,degraded/smoke/frame_00164.png
164,low_light,degraded/low_light/frame_00164.png
164,snow,degraded/snow/frame_00164.png
164,textureless,degraded/textureless/frame_00164.png
165,clear,degraded/clear/frame_00165.png
165,smoke,degraded/smoke/frame_00165.png
165,low_light,degraded/low_light/frame_00165.png
165,snow,degraded/snow/frame_00165.png
165,textureless,degraded/textureless/frame_00165.png
166,clear,degraded/clear/frame_00166.png
166,smoke,degraded/smoke/frame_00166.png
166,low_light,degraded/low_light/frame_00166.png
166,snow,degraded/snow/frame_00166.png
166,textureless,degraded/textureless/frame_00166.png
167,clear,degraded/clear/frame_00167.png
167,smoke,degraded/smoke/frame_00167.png
167,low_light,degraded/low_light/frame_00167.png
167,snow,degraded/snow/frame_00167.png
167,textureless,degraded/textureless/frame_00167.png
168,clear,degraded/clear/frame_00168.png
168,smoke,degraded/smoke/frame_00168.png
168,low_light,degraded/low_light/frame_00168.png
168,snow,degraded/snow/frame_00168.png
168,textureless,degraded/textureless/frame_00168.png
169,clear,degraded/clear/frame_00169.png
169,smoke,degraded/smoke/frame_00169.png
169,low_light,degraded/low_light/frame_00169.png
169,snow,degraded/snow/frame_00169.png
169,textureless,degraded/textureless/frame_00169.png
170,clear,degraded/clear/frame_00170.png
170,smoke,degraded/smoke/frame_00170.png
170,low_light,degraded/low_light/frame_00170.png
170,snow,degraded/snow/frame_00170.png
170,textureless,degraded/textureless/frame_00170.png
171,clear,degraded/clear/frame_00171.png
171,smoke,degraded/smoke/frame_00171.png
171,low_light,degraded/low_light/frame_00171.png
171,snow,degraded/snow/frame_00171.png
171,textureless,degraded/textureless/frame_00171.png
172,clear,degraded/clear/frame_00172.png
172,smoke,degraded/smoke/frame_00172.png
172,low_light,degraded/low_light/frame_00172.png
172,snow,degraded/snow/frame_00172.png
172,textureless,degraded/textureless/frame_00172.png
173,clear,degraded/clear/frame_00173.png
173,smoke,degraded/smoke/frame_00173.png
173,low_light,degraded/low_light/frame_00173.png
173,snow,degraded/snow/frame_00173.png
173,textureless,degraded/textureless/frame_00173.png
174,clear,degraded/clear/frame_00174.png
174,smoke,degraded/smoke/frame_00174.png
174,low_light,degraded/low_light/frame_00174.png
174,snow,degraded/snow/frame_00174.png
174,textureless,degraded/textureless/frame_00174.png
175,clear,degraded/clear/frame_00175.png
175,smoke,degraded/smoke/frame_00175.png
175,low_light,degraded/low_light/frame_00175.png
175,snow,degraded/snow/frame_00175.png
175,textureless,degraded/textureless/frame_00175.png
