frame,t,lat,lon,row,col
0,0.0,50.04217529296875,30.00782470703125,320,320
1,0.03333333333333333,50.041979980468746,30.00802001953125,328,328
2,0.06666666666666667,50.04178466796875,30.00821533203125,336,336
3,0.1,50.041589355468744,30.00841064453125,344,344
4,0.13333333333333333,50.04139404296875,30.00860595703125,352,352
5,0.16666666666666666,50.04119873046875,30.00880126953125,360,360
6,0.2,50.041003417968746,30.00899658203125,368,368
7,0.23333333333333334,50.04080810546875,30.00919189453125,376,376
8,0.26666666666666666,50.040612792968744,30.00938720703125,384,384
9,0.3,50.04041748046875,30.00958251953125,392,392
10,0.3333333333333333,50.04022216796875,30.00977783203125,400,400
11,0.36666666666666664,50.040026855468746,30.00997314453125,408,408
12,0.4,50.03983154296875,30.01016845703125,416,416
13,0.43333333333333335,50.039636230468744,30.01036376953125,424,424
14,0.4666666666666667,50.03944091796875,30.01055908203125,432,432
15,0.5,50.03924560546875,30.01075439453125,440,440
16,0.5333333333333333,50.039050292968746,30.01094970703125,448,448
17,0.5666666666666667,50.03885498046875,30.01114501953125,456,456
18,0.6,50.038659667968744,30.01134033203125,464,464
19,0.6333333333333333,50.03846435546875,30.01153564453125,472,472
20,0.6666666666666666,50.03826904296875,30.01173095703125,480,480
21,0.7,50.038073730468746,30.01192626953125,488,488
22,0.7333333333333333,50.03787841796875,30.01212158203125,496,496
23,0.7666666666666667,50.037683105468744,30.01231689453125,504,504
24,0.8,50.03748779296875,30.01251220703125,512,512
25,0.8333333333333334,50.03729248046875,30.01270751953125,520,520
26,0.8666666666666667,50.037097167968746,30.01290283203125,528,528
27,0.9,50.03690185546875,30.01309814453125,536,536
28,0.9333333333333333,50.03670654296875,30.01329345703125,544,544
29,0.9666666666666667,50.03651123046875,30.01348876953125,552,552
30,1.0,50.03631591796875,30.01368408203125,560,560
31,1.0333333333333334,50.036120605468746,30.01387939453125,568,568
32,1.0666666666666667,50.03592529296875,30.01407470703125,576,576
33,1.1,50.03572998046875,30.01427001953125,584,584
34,1.1333333333333333,50.03553466796875,30.01446533203125,592,592
35,1.1666666666666667,50.03533935546875,30.01466064453125,600,600
36,1.2,50.035144042968746,30.01485595703125,608,608
37,1.2333333333333334,50.03494873046875,30.01505126953125,616,616
38,1.2666666666666666,50.03475341796875,30.01524658203125,624,624
39,1.3,50.03455810546875,30.01544189453125,632,632
40,1.3333333333333333,50.03436279296875,30.01563720703125,640,640
41,1.3666666666666667,50.034167480468746,30.01583251953125,648,648
42,1.4,50.03397216796875,30.01602783203125,656,656
43,1.4333333333333333,50.03377685546875,30.01622314453125,664,664
44,1.4666666666666666,50.03358154296875,30.01641845703125,672,672
45,1.5,50.03338623046875,30.01661376953125,680,680
46,1.5333333333333334,50.033190917968746,30.01680908203125,688,688
47,1.5666666666666667,50.03299560546875,30.01700439453125,696,696
48,1.6,50.03280029296875,30.01719970703125,704,704
49,1.6333333333333333,50.03260498046875,30.01739501953125,712,712
50,1.6666666666666667,50.03240966796875,30.01759033203125,720,720
51,1.7,50.032214355468746,30.01778564453125,728,728
52,1.7333333333333334,50.03201904296875,30.01798095703125,736,736
53,1.7666666666666666,50.03182373046875,30.01817626953125,744,744
54,1.8,50.03162841796875,30.01837158203125,752,752
55,1.8333333333333333,50.03143310546875,30.01856689453125,760,760
56,1.8666666666666667,50.031237792968746,30.01876220703125,768,768
57,1.9,50.03104248046875,30.01895751953125,776,776
58,1.9333333333333333,50.03084716796875,30.01915283203125,784,784
59,1.9666666666666666,50.03065185546875,30.01934814453125,792,792
60,2.0,50.03045654296875,30.01954345703125,800,800
61,2.033333333333333,50.030261230468746,30.01973876953125,808,808
62,2.066666666666667,50.03006591796875,30.01993408203125,816,816
63,2.1,50.02987060546875,30.02012939453125,824,824
64,2.1333333333333333,50.02967529296875,30.02032470703125,832,832
65,2.1666666666666665,50.02947998046875,30.02052001953125,840,840
66,2.2,50.029284667968746,30.02071533203125,848,848
67,2.2333333333333334,50.02908935546875,30.02091064453125,856,856
68,2.2666666666666666,50.02889404296875,30.02110595703125,864,864
69,2.3,50.02869873046875,30.02130126953125,872,872
70,2.3333333333333335,50.02850341796875,30.02149658203125,880,880
71,2.3666666666666667,50.028308105468746,30.02169189453125,888,888
72,2.4,50.02811279296875,30.02188720703125,896,896
73,2.433333333333333,50.02791748046875,30.02208251953125,904,904
74,2.466666666666667,50.02772216796875,30.02227783203125,912,912
75,2.5,50.02752685546875,30.02247314453125,920,920
76,2.533333333333333,50.027331542968746,30.02266845703125,928,928
77,2.566666666666667,50.02713623046875,30.02286376953125,936,936
78,2.6,50.02694091796875,30.02305908203125,944,944
79,2.6333333333333333,50.02674560546875,30.02325439453125,952,952
80,2.6666666666666665,50.02655029296875,30.02344970703125,960,960
81,2.7,50.026354980468746,30.02364501953125,968,968
82,2.7333333333333334,50.02615966796875,30.02384033203125,976,976
83,2.7666666666666666,50.02596435546875,30.02403564453125,984,984
84,2.8,50.02576904296875,30.02423095703125,992,992
85,2.8333333333333335,50.02557373046875,30.02442626953125,1000,1000
86,2.8666666666666667,50.025378417968746,30.02462158203125,1008,1008
87,2.9,50.02518310546875,30.02481689453125,1016,1016
88,2.933333333333333,50.02498779296875,30.02501220703125,1024,1024
89,2.966666666666667,50.02479248046875,30.02520751953125,1032,1032
90,3.0,50.02459716796875,30.02540283203125,1040,1040
91,3.033333333333333,50.024401855468746,30.02559814453125,1048,1048
92,3.066666666666667,50.02420654296875,30.025793457031252,1056,1056
93,3.1,50.02401123046875,30.02598876953125,1064,1064
94,3.1333333333333333,50.02381591796875,30.02618408203125,1072,1072
95,3.1666666666666665,50.02362060546875,30.02637939453125,1080,1080
96,3.2,50.023425292968746,30.02657470703125,1088,1088
97,3.2333333333333334,50.02322998046875,30.026770019531252,1096,1096
98,3.2666666666666666,50.02303466796875,30.02696533203125,1104,1104
99,3.3,50.02283935546875,30.02716064453125,1112,1112
100,3.3333333333333335,50.02264404296875,30.02735595703125,1120,1120
101,3.3666666666666667,50.022448730468746,30.02755126953125,1128,1128
102,3.4,50.02225341796875,30.027746582031252,1136,1136
103,3.433333333333333,50.02205810546875,30.02794189453125,1144,1144
104,3.466666666666667,50.02186279296875,30.02813720703125,1152,1152
105,3.5,50.02166748046875,30.02833251953125,1160,1160
106,3.533333333333333,50.021472167968746,30.02852783203125,1168,1168
107,3.566666666666667,50.02127685546875,30.028723144531252,1176,1176
108,3.6,50.02108154296875,30.02891845703125,1184,1184
109,3.6333333333333333,50.02088623046875,30.02911376953125,1192,1192
110,3.6666666666666665,50.02069091796875,30.02930908203125,1200,1200
111,3.7,50.020495605468746,30.02950439453125,1208,1208
112,3.7333333333333334,50.02030029296875,30.029699707031252,1216,1216
113,3.7666666666666666,50.02010498046875,30.02989501953125,1224,1224
114,3.8,50.01990966796875,30.03009033203125,1232,1232
115,3.8333333333333335,50.01971435546875,30.03028564453125,1240,1240
116,3.8666666666666667,50.019519042968746,30.03048095703125,1248,1248
117,3.9,50.01932373046875,30.030676269531252,1256,1256
118,3.933333333333333,50.01912841796875,30.03087158203125,1264,1264
119,3.966666666666667,50.01893310546875,30.03106689453125,1272,1272
120,4.0,50.01873779296875,30.03126220703125,1280,1280
121,4.033333333333333,50.018542480468746,30.03145751953125,1288,1288
122,4.066666666666666,50.01834716796875,30.031652832031252,1296,1296
123,4.1,50.01815185546875,30.03184814453125,1304,1304
124,4.133333333333334,50.01795654296875,30.03204345703125,1312,1312
125,4.166666666666667,50.01776123046875,30.03223876953125,1320,1320
126,4.2,50.017565917968746,30.03243408203125,1328,1328
127,4.233333333333333,50.01737060546875,30.032629394531252,1336,1336
128,4.266666666666667,50.01717529296875,30.03282470703125,1344,1344
129,4.3,50.01697998046875,30.03302001953125,1352,1352
130,4.333333333333333,50.01678466796875,30.03321533203125,1360,1360
131,4.366666666666666,50.016589355468746,30.03341064453125,1368,1368
132,4.4,50.01639404296875,30.033605957031252,1376,1376
133,4.433333333333334,50.01619873046875,30.03380126953125,1384,1384
134,4.466666666666667,50.01600341796875,30.03399658203125,1392,1392
135,4.5,50.01580810546875,30.03419189453125,1400,1400
136,4.533333333333333,50.015612792968746,30.03438720703125,1408,1408
137,4.566666666666666,50.01541748046875,30.034582519531252,1416,1416
138,4.6,50.01522216796875,30.03477783203125,1424,1424
139,4.633333333333334,50.01502685546875,30.03497314453125,1432,1432
140,4.666666666666667,50.01483154296875,30.03516845703125,1440,1440
141,4.7,50.014636230468746,30.03536376953125,1448,1448
142,4.733333333333333,50.01444091796875,30.035559082031252,1456,1456
143,4.766666666666667,50.01424560546875,30.03575439453125,1464,1464
144,4.8,50.01405029296875,30.03594970703125,1472,1472
145,4.833333333333333,50.01385498046875,30.03614501953125,1480,1480
146,4.866666666666666,50.013659667968746,30.03634033203125,1488,1488
147,4.9,50.01346435546875,30.036535644531252,1496,1496
148,4.933333333333334,50.01326904296875,30.03673095703125,1504,1504
149,4.966666666666667,50.01307373046875,30.03692626953125,1512,1512
150,5.0,50.01287841796875,30.03712158203125,1520,1520
151,5.033333333333333,50.012683105468746,30.03731689453125,1528,1528
152,5.066666666666666,50.01248779296875,30.037512207031252,1536,1536
153,5.1,50.01229248046875,30.03770751953125,1544,1544
154,5.133333333333334,50.01209716796875,30.03790283203125,1552,1552
155,5.166666666666667,50.01190185546875,30.03809814453125,1560,1560
156,5.2,50.01170654296875,30.03829345703125,1568,1568
157,5.233333333333333,50.01151123046875,30.038488769531252,1576,1576
158,5.266666666666667,50.01131591796875,30.03868408203125,1584,1584
159,5.3,50.01112060546875,30.03887939453125,1592,1592
160,5.333333333333333,50.01092529296875,30.03907470703125,1600,1600
161,5.366666666666666,50.01072998046875,30.03927001953125,1608,1608
162,5.4,50.01053466796875,30.039465332031252,1616,1616
163,5.433333333333334,50.01033935546875,30.03966064453125,1624,1624
164,5.466666666666667,50.01014404296875,30.03985595703125,1632,1632
165,5.5,50.00994873046875,30.04005126953125,1640,1640
166,5.533333333333333,50.00975341796875,30.04024658203125,1648,1648
167,5.566666666666666,50.00955810546875,30.040441894531252,1656,1656
168,5.6,50.00936279296875,30.04063720703125,1664,1664
169,5.633333333333334,50.00916748046875,30.04083251953125,1672,1672
170,5.666666666666667,50.00897216796875,30.04102783203125,1680,1680
171,5.7,50.00877685546875,30.04122314453125,1688,1688
172,5.733333333333333,50.00858154296875,30.041418457031252,1696,1696
173,5.766666666666667,50.00838623046875,30.04161376953125,1704,1704
174,5.8,50.00819091796875,30.04180908203125,1712,1712
175,5.833333333333333,50.00799560546875,30.04200439453125,1720,1720
